{
    "sum": 58459.43000000001,
    "num": 105,
    "mean": 556.7564761904763
}