{
    "sum": 191750.72668154768,
    "num": 167,
    "mean": 1148.2079442008842
}